CREATE TABLE LOCATION(
 CITY VARCHAR(20),
  PINCODE NUMBER PRIMARY KEY,
 STATE VARCHAR(30)
);

INSERT INTO LOCATION VALUES( 'Junagadh',362001,'Gujarat');
INSERT INTO LOCATION VALUES( 'Ahmedabad',380001,'Gujarat');
INSERT INTO LOCATION VALUES( 'Lucknow',226001,'UP');
INSERT INTO LOCATION VALUES( 'Warangal',506002,'Telangana');
INSERT INTO LOCATION VALUES( 'Rajkot',360001,'Gujarat');
INSERT INTO LOCATION VALUES( 'Kota',324006,'Rajasthan');
INSERT INTO LOCATION VALUES( 'Jaipur',302003,'Rajasthan');
INSERT INTO LOCATION VALUES( 'Delhi',110001,'Delhi');
INSERT INTO LOCATION VALUES( 'NewMumbai',410206,'Maharashtra');
INSERT INTO LOCATION VALUES( 'Hyderabad',500005,'Telangana');
INSERT INTO LOCATION VALUES( 'Bangalore',560002,'Karnataka');
INSERT INTO LOCATION VALUES( 'Chennai',600002,'Tamilnadu');
INSERT INTO LOCATION VALUES( 'Jammu',180005,'JandK');
INSERT INTO LOCATION VALUES( 'Patna',800001,'Bihar');
INSERT INTO LOCATION VALUES( 'Goa',403110,'Goa');
INSERT INTO LOCATION VALUES( 'Rourkela',769001,'Odisha');
INSERT INTO LOCATION VALUES( 'Ranchi',834002,'Jharkhand');
INSERT INTO LOCATION VALUES( 'Shimla',171003,'HimachalPradesh');
INSERT INTO LOCATION VALUES( 'Jhamshedpur',831001,'Jharkhand');
INSERT INTO LOCATION VALUES( 'Agra',282003,'UP');
INSERT INTO LOCATION VALUES( 'Bhopal',462001,'MP');

CREATE TABLE VACCINATION_CENTER(
    CENTER_ID VARCHAR(5) PRIMARY KEY,
    AREA VARCHAR(40),
    PINCODE NUMBER ,
    FOREIGN KEY (PINCODE) REFERENCES LOCATION(PINCODE)
);

INSERT INTO VACCINATION_CENTER VALUES( 'C1301','Laxminagar',362001);
INSERT INTO VACCINATION_CENTER VALUES( 'C1302','Talav Street',362001); 
INSERT INTO VACCINATION_CENTER VALUES( 'C1303','Railway Station',362001);
INSERT INTO VACCINATION_CENTER VALUES( 'C1304',' Gokulnagar',362001);
INSERT INTO VACCINATION_CENTER VALUES( 'C1201','Sabarmati Ashram',380001);
INSERT INTO VACCINATION_CENTER VALUES( 'C1202','Kankaria Lake',380001);
INSERT INTO VACCINATION_CENTER VALUES( 'C1203','CG road',380001);
INSERT INTO VACCINATION_CENTER VALUES( 'C2101','Hasanganj',226001);
INSERT INTO VACCINATION_CENTER VALUES( 'C2102','Indira Nagar',226001);
INSERT INTO VACCINATION_CENTER VALUES( 'C2103','Kakori',226001);
INSERT INTO VACCINATION_CENTER VALUES( 'C5104','Rajendra Nagar',110001);
INSERT INTO VACCINATION_CENTER VALUES( 'C3301','Kazipet',506002);
INSERT INTO VACCINATION_CENTER VALUES( 'C3302','NIT Warangal',506002);
INSERT INTO VACCINATION_CENTER VALUES( 'C1401','Raiya Circle',360001);
INSERT INTO VACCINATION_CENTER VALUES( 'C1402','Gondal Circle',360001);
INSERT INTO VACCINATION_CENTER VALUES( 'C1403',' KKV Circle',360001);
INSERT INTO VACCINATION_CENTER VALUES( 'C3201','Ganesh Nagar',324006);
INSERT INTO VACCINATION_CENTER VALUES( 'C3202',' Ahuja Nagar',324006);
INSERT INTO VACCINATION_CENTER VALUES( 'C5301','Vaishali Nagar',462001);
INSERT INTO VACCINATION_CENTER VALUES( 'C5215','Mahaveer Nagar',462001);
INSERT INTO VACCINATION_CENTER VALUES( 'C4201','Vasant Kunj',769001);
INSERT INTO VACCINATION_CENTER VALUES( 'C5101','Charminar',110001);
INSERT INTO VACCINATION_CENTER VALUES( 'C5302','SSH road',180005);
INSERT INTO VACCINATION_CENTER VALUES( 'C6210','KS area',302003);
INSERT INTO VACCINATION_CENTER VALUES( 'C7256','Magic Street',769001);
INSERT INTO VACCINATION_CENTER VALUES( 'C6201','Nehru Nagar',282003);

CREATE TABLE HOSPITAL(
NAME VARCHAR(50),
HOSPITAL_ID NUMBER PRIMARY KEY,
PINCODE NUMBER,
    FOREIGN KEY (PINCODE) REFERENCES LOCATION(PINCODE)
);

INSERT INTO HOSPITAL VALUES( 'Walkhart',202,360001);
INSERT INTO HOSPITAL VALUES( 'Milestone',203,600002);
INSERT INTO HOSPITAL VALUES( 'Newlife',301,560002);
INSERT INTO HOSPITAL VALUES( 'CareNCure',401,560002);
INSERT INTO HOSPITAL VALUES( 'Healthywave',501,834002);
INSERT INTO HOSPITAL VALUES( 'Redstar',611,500005);
INSERT INTO HOSPITAL VALUES( 'WestvaLley',721,282003);
INSERT INTO HOSPITAL VALUES( 'Springedge',811,380001);
INSERT INTO HOSPITAL VALUES( 'Mapleheart',215,362001);
INSERT INTO HOSPITAL VALUES( 'HealVibe',916,831001);
INSERT INTO HOSPITAL VALUES( 'Hope',326,324006);
INSERT INTO HOSPITAL VALUES( 'TwinTulip',235,600002);
INSERT INTO HOSPITAL VALUES( 'UltraCare',423,834002);
INSERT INTO HOSPITAL VALUES( 'Flowerence',621,462001);
INSERT INTO HOSPITAL VALUES( 'Soulbless',468,226001);
CREATE TABLE VACCINE(
 NAME VARCHAR(50),
  VACCINE_ID NUMBER PRIMARY KEY,
  SUPPLIER_ID NUMBER,
 COUNTRY VARCHAR(30),
 DATEOFMANU DATE,
 FOREIGN KEY (SUPPLIER_ID) REFERENCES SUPPLIERS(ID)
);
DROP TABLE VACCINE;
INSERT INTO VACCINE VALUES( 'CERVICAL CANCER VACCINE',729579,6327274,'IRAQ','03-Jun-1998');
INSERT INTO VACCINE VALUES( 'CHOLERA VACCINE',442737,4921885,'BONAIRE','12-Dec-1998');
INSERT INTO VACCINE VALUES( 'COVID-19 VACCINE',295381,1445632,'CZECHIA','09-Oct-2020');
INSERT INTO VACCINE VALUES( 'DIPHTHERIA VACCINE',367852,8520979,'ARGENTINA','09-Aug-1981');
INSERT INTO VACCINE VALUES( 'HEPATITIS B VACCINE',310900,2349129,'CHAD','06-Feb-1990');
INSERT INTO VACCINE VALUES( 'INFLUENZA VACCINE',185863,4921885,'ÅLAND ISLANDS','10-Aug-1997');
INSERT INTO VACCINE VALUES( 'JAPANESE ENCEPHALITIS VACCINE',179703,2349129,'GERMANY','10-Jan-2001');
INSERT INTO VACCINE VALUES( 'MEASLES VACCINE',396114,4921885,'AUSTRIA','11-May-2021');
INSERT INTO VACCINE VALUES( 'MENINGITIS VACCINE',939220,2349129,'PARAGUAY','10-Jan-1955');
INSERT INTO VACCINE VALUES( 'MUMPS VACCINE',860228,3514525,'MAURITIUS','05-Mar-2006');
INSERT INTO VACCINE VALUES( 'PERTUSSIS VACCINE',155557,6327274,'BURKINA FASO','07-Jun-2018');
INSERT INTO VACCINE VALUES( 'PNEUMONIA VACCINE',375955,2917230,'MACEDONIA','09-Jul-1991');
INSERT INTO VACCINE VALUES( 'POLIO VACCINE',981364,2349129,'SVALBARD AND JAN MAYEN','11-Aug-2009');
INSERT INTO VACCINE VALUES( 'RABIES VACCINE',628928,4921885,'BHUTAN','12-Sep-2005');
INSERT INTO VACCINE VALUES( 'ROTAVIRUS VACCINE',460418,1650092,'CONGO','02-Sep-2014');
INSERT INTO VACCINE VALUES( 'RUBELLA VACCINE',900658,2349129,'ZIMBABWE','04-May-2002');
INSERT INTO VACCINE VALUES( 'TETANUS VACCINE',891780,5155170,'BURUNDI','09-Mar-2002');
INSERT INTO VACCINE VALUES( 'TYPHOID VACCINE',220332,7127844,'INDIA','04-Mar-2020');
INSERT INTO VACCINE VALUES( 'VARICELLA VACCINE',910780,4921885,'NEW ZEALAND','12-Jun-2010');
INSERT INTO VACCINE VALUES( 'YELLOW FEVER VACCINE',504200,2349129,'UNITED ARAB EMIRATES','12-Feb-2004');


CREATE TABLE SUPPLIERS(
    NAME VARCHAR(20),
    ID NUMBER(7) PRIMARY KEY,
    PINCODE NUMBER ,
    FOREIGN KEY (PINCODE) REFERENCES LOCATION(PINCODE)
);
INSERT INTO SUPPLIERS VALUES( 'ABUNDANT HEALTH',6327274,362001);
INSERT INTO SUPPLIERS VALUES( 'HEALTH BLOOM',4921885,380001);
INSERT INTO SUPPLIERS VALUES( 'CORDIAL CARE',1445632,226001);
INSERT INTO SUPPLIERS VALUES( 'DYNAMIC HEALTH',8520979,506002);
INSERT INTO SUPPLIERS VALUES( 'HEALING EQUILIBRIUM',2349129,500005);
INSERT INTO SUPPLIERS VALUES( 'FRUITFUL CARE',3514525,324006);
INSERT INTO SUPPLIERS VALUES( 'GIFT OF HEALTH',2917230,302003);
INSERT INTO SUPPLIERS VALUES( 'HELPFUL HEARTS',1650092,324006);
INSERT INTO SUPPLIERS VALUES( 'OPEN HEALTH',5155170,506002);
INSERT INTO SUPPLIERS VALUES( 'LUB HEALTH',7127844,500005);

CREATE TABLE EXPORT(
EXPORT_ID VARCHAR(7) PRIMARY KEY,
RECIEVER_COUNTRY VARCHAR(30),
QUANTITY NUMBER,
VACCINE_ID NUMBER,
FOREIGN KEY (VACCINE_ID) REFERENCES VACCINE(VACCINE_ID)
);
DROP TABLE EXPORT;
INSERT INTO EXPORT VALUES( 'EX63769','AUSTRIA',156,729579);
INSERT INTO EXPORT VALUES( 'EX12324','BAHRAIN',70,396114);
INSERT INTO EXPORT VALUES( 'EX95660','BRAZIL',342,295381);
INSERT INTO EXPORT VALUES( 'EX31021','BAHRAIN',44,310900);
INSERT INTO EXPORT VALUES( 'EX45603','GREECE',596,185863);
INSERT INTO EXPORT VALUES( 'EX41145','ROMANIA',497,310900);
INSERT INTO EXPORT VALUES( 'EX76347','MAURITIOUS',354,729579);
INSERT INTO EXPORT VALUES( 'EX34073','BAHRAIN',16,939220);
INSERT INTO EXPORT VALUES( 'EX42109','ROMANIA',494,442737);
INSERT INTO EXPORT VALUES( 'EX29876','GREECE',810,939220);

CREATE TABLE HEALTHWORKERS(
WORKER_ID NUMBER PRIMARY KEY,
POST VARCHAR(30),
HOSPITAL_ID NUMBER,
AADHAR_NUMBER NUMBER,
FOREIGN KEY (HOSPITAL_ID) REFERENCES HOSPITAL(HOSPITAL_ID),
FOREIGN KEY (AADHAR_NUMBER) REFERENCES CITIZENS(AADHAR_NUMBER)
)
INSERT INTO HEALTHWORKERS VALUES( 101,'Compounder',202,432156781111);
INSERT INTO HEALTHWORKERS VALUES( 201,'nurse',203,432156781111);
INSERT INTO HEALTHWORKERS VALUES( 301,'Compounder',301,123409082001);
INSERT INTO HEALTHWORKERS VALUES( 401,'doctor',401,432156785282);
INSERT INTO HEALTHWORKERS VALUES( 501,'seniorCompounder',501,432256782221);
INSERT INTO HEALTHWORKERS VALUES( 601,'Compounder',611,749856781111);
INSERT INTO HEALTHWORKERS VALUES( 701,'nurse',721,433454781441);
INSERT INTO HEALTHWORKERS VALUES( 801,'Compounder',811,442156781441);
INSERT INTO HEALTHWORKERS VALUES( 901,'Compounder',468,432156781111);
INSERT INTO HEALTHWORKERS VALUES( 108,'Compounder',423,438106781111);
INSERT INTO HEALTHWORKERS VALUES( 118,'Compounder',215,930150781111);
CREATE TABLE CITIZENS(
FNAME VARCHAR(20),
MNAME VARCHAR(20),
LNAME VARCHAR(20),
AADHAR_NUMBER NUMBER PRIMARY KEY,
PINCODE NUMBER,
DOB DATE,
GENDER VARCHAR(1),
FOREIGN KEY (PINCODE) REFERENCES LOCATION(PINCODE)
);
INSERT INTO CITIZENS VALUES( 'Mahesh','LoremIpsum','Garg',432156781111,362001,'01-01-1990','M');
INSERT INTO CITIZENS VALUES( 'Ramesh','LoremIpsum','jain',123409082001,380001,'21-01-1990','M');
INSERT INTO CITIZENS VALUES( 'Suresh','LoremIpsum','Sharma',442156781441,226001,'01-11-2000','M');
INSERT INTO CITIZENS VALUES( 'Yogesh','LoremIpsum','Piplani',452156781451,506002,'01-01-1990','M');
INSERT INTO CITIZENS VALUES( 'Jayesh','LoremIpsum','Arora',462156781461,360001,'01-01-1995','M');
INSERT INTO CITIZENS VALUES( 'Aadhesh','LoremIpsum','adhlakha',472156781471,324006,'30-01-2001','M');
INSERT INTO CITIZENS VALUES( 'Amrita','LoremIpsum','Sharma',433454781441,302003,'05-01-1999','F');
INSERT INTO CITIZENS VALUES( 'Shivani','LoremIpsum','Kal',431256781121,110001,'01-04-1970','F');
INSERT INTO CITIZENS VALUES( 'Shivansh','LoremIpsum','Rahuja',432256782221,410206,'21-11-1989','M');
INSERT INTO CITIZENS VALUES( 'Alexi','LoremIpsum','rivera',433126281111,500005,'21-11-2001','F');
INSERT INTO CITIZENS VALUES( 'Pooja','LoremIpsum','maheshwari',124356781111,560002,'22-11-2004','F');
INSERT INTO CITIZENS VALUES( 'Aadhesh','LoremIpsum','adhlakha',897856781111,226001,'11-11-1998','M');
INSERT INTO CITIZENS VALUES( 'Rakesh','LoremIpsum','sharma',432143211111,410206,'01-12-1991','M');
INSERT INTO CITIZENS VALUES( 'Himesh','LoremIpsum','Jain',438106781111,360001,'01-12-1997','M');
INSERT INTO CITIZENS VALUES( 'Santosh','LoremIpsum','kumar',532166788111,226001,'01-12-1997','M');
INSERT INTO CITIZENS VALUES( 'Vishwas','LoremIpsum','Gajawade',932116781111,226001,'01-12-1997','M');
INSERT INTO CITIZENS VALUES( 'Ayush','LoremIpsum','naruka',930150781111,410206,'01-12-1997','M');
INSERT INTO CITIZENS VALUES( 'Seema','LoremIpsum','chabbra',439156781111,360001,'01-12-1997','F');
INSERT INTO CITIZENS VALUES( 'Harish','LoremIpsum','Gopal',910272112111,506002,'30-03-1996','M');
INSERT INTO CITIZENS VALUES( 'Mahendra','LoremIpsum','adhlakha',436156781111,380001,'21-02-1998','M');
INSERT INTO CITIZENS VALUES( 'Hiamshu','LoremIpsum','jain',124399831111,360001,'20-10-2002','M');
INSERT INTO CITIZENS VALUES( 'Govind','LoremIpsum','Galigotla',749856781111,380001,'21-05-2001','M');
INSERT INTO CITIZENS VALUES( 'Faran','LoremIpsum','Garg',432129271111,506002,'11-03-2001','M');
INSERT INTO CITIZENS VALUES( 'Raju','LoremIpsum','Goyal',432156785282,410206,'15-08-1957','M');
INSERT INTO CITIZENS VALUES( 'Chatur','LoremIpsum','Mohan',432143241111,226001,'21-07-2007','M');
INSERT INTO CITIZENS VALUES( 'Monu','LoremIpsum','Singh',142356781111,360001,'21-12-1967','M');
INSERT INTO CITIZENS VALUES( 'Sonu','LoremIpsum','Sharma',413256781111,380001,'11-12-2002','F');

CREATE TABLE INVENTORY ( 
VACCINE_ID NUMBER,
QUANTITY NUMBER,
CENTER_ID VARCHAR(256),
LAST_ARRIVED DATE,
HOSPITAL_ID NUMBER,
PRIMARY KEY(VACCINE_ID, CENTER_ID),
FOREIGN KEY (VACCINE_ID) REFERENCES VACCINE(VACCINE_ID),
FOREIGN KEY (CENTER_ID) REFERENCES VACCINATION_CENTER(CENTER_ID)
);
INSERT INTO INVENTORY VALUES(729579,295,'C1301','18-JAN-2021',7);
INSERT INTO INVENTORY VALUES(442737,216,'C1302','23-JAN-2021',7);
INSERT INTO INVENTORY VALUES(295381,412,'C2103','2-FEB-2021',5);
INSERT INTO INVENTORY VALUES(295381,90,'C1301','11-FEB-2021',5);
INSERT INTO INVENTORY VALUES(442737,448,'C1201','14-FEB-2021',5);
INSERT INTO INVENTORY VALUES(185863,371,'C2102','18-FEB-2021',5);
INSERT INTO INVENTORY VALUES(295381,77,'C1203','24-MAR-2021',1);
INSERT INTO INVENTORY VALUES(396114,373,'C1301','3-APR-2021',7);
INSERT INTO INVENTORY VALUES(295381,183,'C2102','22-APR-2021',5);
INSERT INTO INVENTORY VALUES(442737,373,'C2103','25-APR-2021',4);

CREATE TABLE VACCINATION_RECORD
(
AADHAR_NUMBER NUMBER,
WORKER_ID NUMBER,
CENTER_ID VARCHAR(5),
DATEANDTIME TIMESTAMP,
REFERENCE_ID NUMBER PRIMARY KEY,
AGE NUMBER,
VACCINE_ID NUMBER,
FOREIGN KEY (AADHAR_NUMBER) REFERENCES CITIZENS(AADHAR_NUMBER),
FOREIGN KEY (CENTER_ID) REFERENCES VACCINATION_CENTER(CENTER_ID),
FOREIGN KEY (WORKER_ID) REFERENCES HEALTHWORKERS(WORKER_ID),
FOREIGN KEY (VACCINE_ID) REFERENCES VACCINE(VACCINE_ID)
)


CREATE TABLE WORKING(
WORKER_ID NUMBER,
CENTER_ID VARCHAR(20),
PRIMARY KEY(WORKER_ID, CENTER_ID),
FOREIGN KEY (WORKER_ID) REFERENCES HEALTHWORKERS(WORKER_ID),
FOREIGN KEY (CENTER_ID) REFERENCES VACCINATION_CENTER(CENTER_ID)
);
DROP TABLE WORKING;
INSERT INTO WORKING VALUES(101,'C1301');
INSERT INTO WORKING VALUES(201,'C1302');
INSERT INTO WORKING VALUES(118,'C1303');
INSERT INTO WORKING VALUES(601,'C1304');
INSERT INTO WORKING VALUES(501,'C1401');
INSERT INTO WORKING VALUES(601,'C1202');
INSERT INTO WORKING VALUES(701,'C1203');
INSERT INTO WORKING VALUES(801,'C1303');
INSERT INTO WORKING VALUES(901,'C2102');
INSERT INTO WORKING VALUES(201,'C1401');
INSERT INTO WORKING VALUES(118,'C5104');
INSERT INTO WORKING VALUES(201,'C3301');
INSERT INTO WORKING VALUES(601,'C3302');
INSERT INTO WORKING VALUES(901,'C1401');
INSERT INTO WORKING VALUES(118,'C1301');


INSERT INTO VACCINATION_RECORD VALUES( 432156781111,101,'C1301','01-01-2020 01:00:01',101,30,729579);
INSERT INTO VACCINATION_RECORD VALUES( 123409082001,201,'C1302','01-11-2001 01:00:01',102,33,442737);
INSERT INTO VACCINATION_RECORD VALUES( 442156781441,301,'C1303','14-02-2020 01:00:01',103,28,295381);
INSERT INTO VACCINATION_RECORD VALUES( 452156781451,401,'C1304','01-11-2001 08:00:01',104,20,367852);
INSERT INTO VACCINATION_RECORD VALUES( 462156781461,501,'C1201','11-12-2020 12:00:01',114,55,310900);
INSERT INTO VACCINATION_RECORD VALUES( 472156781471,601,'C1202','06-07-2020 11:00:01',105,39,185863);
INSERT INTO VACCINATION_RECORD VALUES( 433454781441,701,'C1203','21-12-2021 09:00:01',106,49,179703);
INSERT INTO VACCINATION_RECORD VALUES( 431256781121,801,'C2101','19-05-2019 04:00:01',107,35,396114);
INSERT INTO VACCINATION_RECORD VALUES( 432256782221,901,'C3301','11-11-2021 05:23:21',108,28,939220);
INSERT INTO VACCINATION_RECORD VALUES( 432156781111,108,'C7256','22-03-2020 01:23:21',109,21,860228);
INSERT INTO VACCINATION_RECORD VALUES( 124356781111,118,'C3202','11-09-2020 09:23:21',110,20,155557);
INSERT INTO VACCINATION_RECORD VALUES( 897856781111,101,'C5301','11-03-2021 09:23:21',111,18,375955);
INSERT INTO VACCINATION_RECORD VALUES( 910272112111,201,'C4201','11-11-2020 01:23:21',112,39,981364);
INSERT INTO VACCINATION_RECORD VALUES( 432156785282,301,'C6201','01-11-2021 02:23:21',113,49,628928);


CREATE TABLE SUPPLIES(
SUPPLIER_ID NUMBER,
HOSPITAL_ID NUMBER,
PRIMARY KEY(SUPPLIER_ID,HOSPITAL_ID),
FOREIGN KEY (SUPPLIER_ID) REFERENCES SUPPLIERS(ID),
FOREIGN KEY (HOSPITAL_ID) REFERENCES HOSPITAL(HOSPITAL_ID)
);
INSERT INTO SUPPLIES VALUES( 6327274,202);
INSERT INTO SUPPLIES VALUES( 4921885,203);
INSERT INTO SUPPLIES VALUES( 1445632,301);
INSERT INTO SUPPLIES VALUES( 1445632,423);
INSERT INTO SUPPLIES VALUES( 1445632,721);
INSERT INTO SUPPLIES VALUES( 4921885,301);
INSERT INTO SUPPLIES VALUES( 1650092,203);
INSERT INTO SUPPLIES VALUES( 5155170,203);
INSERT INTO SUPPLIES VALUES( 4921885,423);
INSERT INTO SUPPLIES VALUES( 6327274,721);
